{
	"info": {
		"_postman_id": "8e46bfad-6446-4449-b4b9-4f31141c8a3f",
		"name": "CRUD Laravel",
		"schema": "https://schema.getpostman.com/json/collection/v2.1.0/collection.json"
	},
	"item": [
		{
			"name": "Create Data",
			"request": {
				"method": "POST",
				"header": [],
				"body": {
					"mode": "raw",
					"raw": "{\r\n    \"product_name\" : \"Chitato Rasa Ayam Pagang\",\r\n    \"product_type\" : \"snack\",\r\n    \"expired_at\" : \"2022-12-01\",\r\n    \"product_price\" : 100000\r\n}",
					"options": {
						"raw": {
							"language": "json"
						}
					}
				},
				"url": {
					"raw": "localhost:8000/api/product",
					"host": [
						"localhost"
					],
					"port": "8000",
					"path": [
						"api",
						"product"
					]
				}
			},
			"response": []
		},
		{
			"name": "Read All Data",
			"request": {
				"method": "GET",
				"header": []
			},
			"response": []
		},
		{
			"name": "Read Data By Id",
			"request": {
				"method": "GET",
				"header": []
			},
			"response": []
		},
		{
			"name": "Read Data By Similiar Name",
			"request": {
				"method": "GET",
				"header": []
			},
			"response": []
		},
		{
			"name": "Update Data By Id",
			"request": {
				"method": "PUT",
				"header": [],
				"url": {
					"raw": "http://localhost:8000/",
					"protocol": "http",
					"host": [
						"localhost"
					],
					"port": "8000",
					"path": [
						""
					]
				}
			},
			"response": []
		},
		{
			"name": "Delete Data By Id",
			"request": {
				"method": "DELETE",
				"header": [],
				"url": {
					"raw": "http://localhost:8000/api/product/2",
					"protocol": "http",
					"host": [
						"localhost"
					],
					"port": "8000",
					"path": [
						"api",
						"product",
						"2"
					]
				}
			},
			"response": []
		},
		{
			"name": "Login With JWT",
			"request": {
				"method": "POST",
				"header": [],
				"body": {
					"mode": "urlencoded",
					"urlencoded": [
						{
							"key": "email",
							"value": "admin@gmail.com",
							"type": "default"
						},
						{
							"key": "password",
							"value": "admin",
							"type": "default"
						}
					]
				},
				"url": {
					"raw": "http://localhost:8000/api/login",
					"protocol": "http",
					"host": [
						"localhost"
					],
					"port": "8000",
					"path": [
						"api",
						"login"
					]
				}
			},
			"response": []
		}
	]
}